{
  "acceptance_threshold_pp": 10.0,
  "correct_factor_fixed_rate": 0.7916666666666666,
  "delta_pp": 70.83333333333334,
  "final_success_rate": 0.7083333333333334,
  "frozen_factor_preservation_rate": 0.7916666666666666,
  "frozen_preservation_rate_gt": 0.9583333333333334,
  "harmful_revision_rate": 0.041666666666666664,
  "initial_attempt_success_rate": 0.0,
  "intent_factor_attribution_accuracy": 0.7916666666666666,
  "n_baseline_evaluated": 24,
  "n_final_success": 17,
  "n_initial_success": 0,
  "n_retry_success": 17,
  "n_total": 24,
  "n_with_revision": 24,
  "non_regression_score": 0.9583333333333334,
  "num_attempts_to_success_mean": 2.0,
  "passed_acceptance": true,
  "retry_success_rate": 0.7083333333333334,
  "revision_success_rate": 0.7083333333333334,
  "task": "StackCube-v1",
  "unnecessary_factor_change_rate": 0.20833333333333337
}
