{
  "seeds": "0-9",
  "pokecube": {
    "env_id": "PokeCube-v1",
    "related_env_ids": [
      "LiftPegUpright-v1",
      "PegInsertionSide-v1",
      "PokeCube-v1",
      "PushCube-v1",
      "PushT-v1",
      "Pusher-v2",
      "Pusher-v4"
    ],
    "action_space": "Box(-1.0, 1.0, (7,), float32)",
    "unwrapped_attrs": [
      "_hidden_objects",
      "cube",
      "cube_half_size",
      "goal_radius",
      "goal_region",
      "peg",
      "peg_half_length",
      "peg_half_width",
      "peg_head_offsets",
      "peg_head_pos",
      "peg_head_pose"
    ],
    "per_seed": [
      {
        "seed": 0,
        "obs_keys": [
          "agent",
          "extra"
        ],
        "extra_keys": [
          "cube_pose",
          "cube_to_goal_pos",
          "goal_pos",
          "peg_pose",
          "peg_to_cube_pos",
          "peghead_to_cube_pos",
          "tcp_pose",
          "tcp_to_peg_pos"
        ],
        "peg_pose": [
          -0.0007486790418624878,
          0.053644366562366486,
          0.02500000037252903,
          1.0,
          0.0,
          0.0,
          0.0
        ],
        "goal_pos": [
          -0.0007486790418624878,
          0.053644366562366486,
          0.02500000037252903
        ],
        "tcp_pose": [
          0.012253533117473125,
          0.0380113385617733,
          0.18215224146842957,
          -0.01768895797431469,
          0.9998024702072144,
          0.004287957679480314,
          0.007984226569533348
        ],
        "cube_pose": [
          0.21925131976604462,
          -0.03851543739438057,
          0.019999999552965164,
          0.9997301697731018,
          0.0,
          0.0,
          -0.023231038823723793
        ],
        "peg_p": [
          -0.0007486790418624878,
          0.053644366562366486,
          0.02500000037252903
        ],
        "cube_p": [
          0.21925131976604462,
          -0.03851543739438057,
          0.019999999552965164
        ],
        "goal_region_p": [
          0.31925132870674133,
          -0.03851543739438057,
          0.0010000000474974513
        ]
      },
      {
        "seed": 1,
        "obs_keys": [
          "agent",
          "extra"
        ],
        "extra_keys": [
          "cube_pose",
          "cube_to_goal_pos",
          "goal_pos",
          "peg_pose",
          "peg_to_cube_pos",
          "peghead_to_cube_pos",
          "tcp_pose",
          "tcp_to_peg_pos"
        ],
        "peg_pose": [
          0.05152631551027298,
          -0.044137824326753616,
          0.02500000037252903,
          1.0,
          0.0,
          0.0,
          0.0
        ],
        "goal_pos": [
          0.05152631551027298,
          -0.044137824326753616,
          0.02500000037252903
        ],
        "tcp_pose": [
          -0.01708448864519596,
          0.014566401951014996,
          0.16461831331253052,
          -0.0034743212163448334,
          0.999535858631134,
          -0.012165993452072144,
          -0.027713006362318993
        ],
        "cube_pose": [
          0.2715263068675995,
          -0.09414368867874146,
          0.019999999552965164,
          0.9993377923965454,
          0.0,
          0.0,
          0.036386530846357346
        ],
        "peg_p": [
          0.05152631551027298,
          -0.044137824326753616,
          0.02500000037252903
        ],
        "cube_p": [
          0.2715263068675995,
          -0.09414368867874146,
          0.019999999552965164
        ],
        "goal_region_p": [
          0.371526300907135,
          -0.09414368867874146,
          0.0010000000474974513
        ]
      },
      {
        "seed": 2,
        "obs_keys": [
          "agent",
          "extra"
        ],
        "extra_keys": [
          "cube_pose",
          "cube_to_goal_pos",
          "goal_pos",
          "peg_pose",
          "peg_to_cube_pos",
          "peghead_to_cube_pos",
          "tcp_pose",
          "tcp_to_peg_pos"
        ],
        "peg_pose": [
          0.022939011454582214,
          -0.023797430098056793,
          0.02500000037252903,
          1.0,
          0.0,
          0.0,
          0.0
        ],
        "goal_pos": [
          0.022939011454582214,
          -0.023797430098056793,
          0.02500000037252903
        ],
        "tcp_pose": [
          0.009448089636862278,
          -0.0355696901679039,
          0.1831681728363037,
          0.021307578310370445,
          0.9996029138565063,
          -0.016511378809809685,
          0.008205424062907696
        ],
        "cube_pose": [
          0.24293899536132812,
          0.04271877557039261,
          0.019999999552965164,
          0.9982141256332397,
          0.0,
          0.0,
          0.05973699316382408
        ],
        "peg_p": [
          0.022939011454582214,
          -0.023797430098056793,
          0.02500000037252903
        ],
        "cube_p": [
          0.24293899536132812,
          0.04271877557039261,
          0.019999999552965164
        ],
        "goal_region_p": [
          0.34293898940086365,
          0.04271877557039261,
          0.0010000000474974513
        ]
      },
      {
        "seed": 3,
        "obs_keys": [
          "agent",
          "extra"
        ],
        "extra_keys": [
          "cube_pose",
          "cube_to_goal_pos",
          "goal_pos",
          "peg_pose",
          "peg_to_cube_pos",
          "peghead_to_cube_pos",
          "tcp_pose",
          "tcp_to_peg_pos"
        ],
        "peg_pose": [
          -0.09914729744195938,
          -0.07888612896203995,
          0.02500000037252903,
          1.0,
          0.0,
          0.0,
          0.0
        ],
        "goal_pos": [
          -0.09914729744195938,
          -0.07888612896203995,
          0.02500000037252903
        ],
        "tcp_pose": [
          -0.019569341093301773,
          0.022018488496541977,
          0.14873531460762024,
          0.002021902007982135,
          0.999413013458252,
          0.02160230092704296,
          -0.026511352509260178
        ],
        "cube_pose": [
          0.12085270136594772,
          -0.005677126348018646,
          0.019999999552965164,
          0.9987781643867493,
          0.0,
          0.0,
          0.049418698996305466
        ],
        "peg_p": [
          -0.09914729744195938,
          -0.07888612896203995,
          0.02500000037252903
        ],
        "cube_p": [
          0.12085270136594772,
          -0.005677126348018646,
          0.019999999552965164
        ],
        "goal_region_p": [
          0.22085270285606384,
          -0.005677126348018646,
          0.0010000000474974513
        ]
      },
      {
        "seed": 4,
        "obs_keys": [
          "agent",
          "extra"
        ],
        "extra_keys": [
          "cube_pose",
          "cube_to_goal_pos",
          "goal_pos",
          "peg_pose",
          "peg_to_cube_pos",
          "peghead_to_cube_pos",
          "tcp_pose",
          "tcp_to_peg_pos"
        ],
        "peg_pose": [
          0.01192772388458252,
          0.011818483471870422,
          0.02500000037252903,
          1.0,
          0.0,
          0.0,
          0.0
        ],
        "goal_pos": [
          0.01192772388458252,
          0.011818483471870422,
          0.02500000037252903
        ],
        "tcp_pose": [
          -0.0025698067620396614,
          -0.012682190164923668,
          0.16676771640777588,
          0.006701269652694464,
          0.9998795986175537,
          0.0006707310676574707,
          -0.013987310230731964
        ],
        "cube_pose": [
          0.23192772269248962,
          -0.09856108576059341,
          0.019999999552965164,
          0.998073160648346,
          0.0,
          0.0,
          0.06204795092344284
        ],
        "peg_p": [
          0.01192772388458252,
          0.011818483471870422,
          0.02500000037252903
        ],